Ks,Cs,RMS_Accel,Peak_Accel,Max_Travel,Max_Tire_Deflection,Score,Norm_Accel,Norm_Travel,Norm_Tire,Normalized_Score
15000,1200,0.331537790406788,1.6127257475994,0.000790698815209409,0.0421565206493266,0.353011400139056,0.800815198078616,0.99945185268795,1.00074957410737,1.80091591147628
18000,1200,0.331940404031225,1.6119995821151,0.000796742474790788,0.0421553428854931,0.353416446711367,0.801787693880699,1.00709110375224,1.00072161528542,1.80569405339953
21000,1200,0.332601689586208,1.6106865494375,0.000802101602781416,0.0421550150177584,0.354080247896478,0.803385000546858,1.01386509948361,1.00071383206492,1.81067446632112
15000,1500,0.413515788942555,2.02512877224726,0.000786228131350735,0.0421303119384121,0.434974058977437,0.998829509071516,0.993800859946611,1.00012740804903,1.99579364306934
18000,1500,0.4140003726231,2.0240127187318,0.000791132472347602,0.0421249448813692,0.435458411299958,1,1,1,2
21000,1500,0.414115005228778,2.02341129779167,0.000795582110759959,0.0421256657174864,0.435575629142901,1.00027689010266,1.00562439106962,1.000017111859,2.00309764156697
15000,1800,0.494066379156341,2.43671358885913,0.000779293636184086,0.0420988790186968,0.515505465483781,1.19339597697931,0.985035583069438,0.999381225002292,2.18560438101517
18000,1800,0.494925142981791,2.4370134432031,0.000783494563753719,0.0420976934050133,0.516365736966175,1.19547028386944,0.990345600944406,0.999353079833513,2.1903196242584
21000,1800,0.494728725549733,2.43650628184274,0.000787370930200312,0.0420968608660781,0.516170841447872,1.19499584605477,0.995245370050192,0.999333316272101,2.19228518921592
